{"options":{},"indexes":[{"v":1,"key":{"_id":1},"name":"_id_","ns":"pulsate_development.mobile_app_users"},{"v":1,"key":{"custom_attrs.n":1,"custom_attrs.v":1},"name":"custom_attrs.n_1_custom_attrs.v_1","ns":"pulsate_development.mobile_app_users","background":true},{"v":1,"key":{"ann_attrs.n":1,"ann_attrs.v":1},"name":"ann_attrs.n_1_ann_attrs.v_1","ns":"pulsate_development.mobile_app_users","background":true},{"v":1,"key":{"last_geofence_events.guid":1,"last_geofence_events.count":1},"name":"last_geofence_events.guid_1_last_geofence_events.count_1","ns":"pulsate_development.mobile_app_users","background":true},{"v":1,"key":{"last_geofence_events.guid":1,"last_geofence_events.last":-1},"name":"last_geofence_events.guid_1_last_geofence_events.last_-1","ns":"pulsate_development.mobile_app_users","background":true},{"v":1,"key":{"last_geofence_events.type":1,"last_geofence_events.first":1},"name":"last_geofence_events.type_1_last_geofence_events.first_1","ns":"pulsate_development.mobile_app_users","background":true},{"v":1,"key":{"last_beacon_events.uuid":1,"last_beacon_events.major":1,"last_beacon_events.minor":1,"last_beacon_events.count":1},"name":"last_beacon_events_uuid_1_.major_1.minor_1.count_1","ns":"pulsate_development.mobile_app_users","background":true},{"v":1,"key":{"last_beacon_events.uuid":1,"last_beacon_events.major":1,"last_beacon_events.minor":1,"last_beacon_events.last":-1},"name":"last_beacon_events_uuid_1_.major_1.minor_1.last_-1","ns":"pulsate_development.mobile_app_users","background":true},{"v":1,"key":{"last_beacon_events.uuid":1,"last_beacon_events.major":1,"last_beacon_events.minor":1,"last_beacon_events.first":1},"name":"last_beacon_events_uuid_1_.major_1.minor_1.first_1","ns":"pulsate_development.mobile_app_users","background":true},{"v":1,"key":{"last_in_app_events.type":1,"last_in_app_events.count":1},"name":"last_in_app_events.type_1_last_in_app_events.count_1","ns":"pulsate_development.mobile_app_users","background":true},{"v":1,"key":{"last_in_app_events.type":1,"last_in_app_events.last":-1},"name":"last_in_app_events.type_1_last_in_app_events.last_-1","ns":"pulsate_development.mobile_app_users","background":true},{"v":1,"key":{"last_in_app_events.type":1,"last_in_app_events.first":1},"name":"last_in_app_events.type_1_last_in_app_events.first_1","ns":"pulsate_development.mobile_app_users","background":true},{"v":1,"key":{"last_campaign_opens.guid":1,"last_campaign_opens.count":1},"name":"last_campaign_opens.guid_1_last_campaign_opens.count_1","ns":"pulsate_development.mobile_app_users","background":true},{"v":1,"key":{"last_campaign_opens.guid":1,"last_campaign_opens.last":-1},"name":"last_campaign_opens.guid_1_last_campaign_opens.last_-1","ns":"pulsate_development.mobile_app_users","background":true},{"v":1,"key":{"last_campaign_opens.guid":1,"last_campaign_opens.first":1},"name":"last_campaign_opens.guid_1_last_campaign_opens.first_1","ns":"pulsate_development.mobile_app_users","background":true},{"v":1,"key":{"last_campaign_receipts.guid":1,"last_campaign_receipts.count":1},"name":"last_campaign_receipts.guid_1_last_campaign_receipts.count_1","ns":"pulsate_development.mobile_app_users","background":true},{"v":1,"key":{"last_campaign_receipts.guid":1,"last_campaign_receipts.last":-1},"name":"last_campaign_receipts.guid_1_last_campaign_receipts.last_-1","ns":"pulsate_development.mobile_app_users","background":true},{"v":1,"key":{"last_campaign_receipts.guid":1,"last_campaign_receipts.first":1},"name":"last_campaign_receipts.guid_1_last_campaign_receipts.first_1","ns":"pulsate_development.mobile_app_users","background":true},{"v":1,"key":{"last_messages.sender":1,"last_messages.count":1,"last_messages.admin_id":1},"name":"last_messages.sender_1_last_messages.count_1_last_messages.admin_id_1","ns":"pulsate_development.mobile_app_users","background":true},{"v":1,"key":{"last_messages.sender":1,"last_messages.last":-1,"last_messages.admin_id":1},"name":"last_messages.sender_1_last_messages.last_-1_last_messages.admin_id_1","ns":"pulsate_development.mobile_app_users","background":true},{"v":1,"key":{"guid":1},"name":"guid_1","ns":"pulsate_development.mobile_app_users"},{"v":1,"key":{"created_at":1},"name":"created_at_1","ns":"pulsate_development.mobile_app_users"},{"v":1,"key":{"app_id":1},"name":"app_id_1","ns":"pulsate_development.mobile_app_users"},{"v":1,"unique":true,"key":{"a_id":1,"app_id":1},"name":"a_id_1_app_id_1","ns":"pulsate_development.mobile_app_users"},{"v":1,"key":{"firstName":1},"name":"firstName_1","ns":"pulsate_development.mobile_app_users","background":true},{"v":1,"key":{"lastName":1},"name":"lastName_1","ns":"pulsate_development.mobile_app_users","background":true},{"v":1,"key":{"fullname":1},"name":"fullname_1","ns":"pulsate_development.mobile_app_users","background":true},{"v":1,"key":{"first_session_at":1},"name":"first_session_at_1","ns":"pulsate_development.mobile_app_users","background":true},{"v":1,"key":{"last_session_at":-1},"name":"last_session_at_-1","ns":"pulsate_development.mobile_app_users","background":true},{"v":1,"key":{"last_contacted_at":-1},"name":"last_contacted_at_-1","ns":"pulsate_development.mobile_app_users","background":true},{"v":1,"key":{"last_contacted_admin_at":-1},"name":"last_contacted_admin_at_-1","ns":"pulsate_development.mobile_app_users","background":true},{"v":1,"key":{"sessions_created":1},"name":"sessions_created_1","ns":"pulsate_development.mobile_app_users","background":true},{"v":1,"key":{"sessions_destroyed":1},"name":"sessions_destroyed_1","ns":"pulsate_development.mobile_app_users","background":true},{"v":1,"key":{"current_ip":1},"name":"current_ip_1","ns":"pulsate_development.mobile_app_users","background":true},{"v":1,"key":{"current_location":"2dsphere"},"name":"current_location_2dsphere","ns":"pulsate_development.mobile_app_users","background":true,"2dsphereIndexVersion":3},{"v":1,"key":{"device.guid":1},"name":"device.guid_1","ns":"pulsate_development.mobile_app_users","background":true},{"v":1,"key":{"device.type":1},"name":"device.type_1","ns":"pulsate_development.mobile_app_users","background":true},{"v":1,"key":{"device.token":1},"name":"device.token_1","ns":"pulsate_development.mobile_app_users","background":true},{"v":1,"key":{"device.app_version":1},"name":"device.app_version_1","ns":"pulsate_development.mobile_app_users","background":true},{"v":1,"key":{"device.os_version":1},"name":"device.os_version_1","ns":"pulsate_development.mobile_app_users","background":true},{"v":1,"key":{"device.bluetooth_state":1},"name":"device.bluetooth_state_1","ns":"pulsate_development.mobile_app_users","background":true},{"v":1,"key":{"dedupe_devices.app_version":1},"name":"dedupe_devices.app_version_1","ns":"pulsate_development.mobile_app_users","background":true},{"v":1,"key":{"dedupe_devices.bluetooth_state":1},"name":"dedupe_devices.bluetooth_state_1","ns":"pulsate_development.mobile_app_users","background":true},{"v":1,"key":{"dedupe_devices.language":1},"name":"dedupe_devices.language_1","ns":"pulsate_development.mobile_app_users","background":true},{"v":1,"key":{"dedupe_devices.token":1},"name":"dedupe_devices.token_1","ns":"pulsate_development.mobile_app_users","background":true},{"v":1,"key":{"dedupe_devices.type":1},"name":"dedupe_devices.type_1","ns":"pulsate_development.mobile_app_users","background":true},{"v":1,"key":{"dedupe_devices.guid":1},"name":"dedupe_devices.guid_1","ns":"pulsate_development.mobile_app_users","background":true},{"v":1,"key":{"dedupe_devices.os_version":1},"name":"dedupe_devices.os_version_1","ns":"pulsate_development.mobile_app_users","background":true},{"v":1,"key":{"dedupe_devices.timezone":1},"name":"dedupe_devices.timezone_1","ns":"pulsate_development.mobile_app_users","background":true},{"v":1,"key":{"social_data.contact_info.given_name":1},"name":"social_data.contact_info.given_name_1","ns":"pulsate_development.mobile_app_users","background":true},{"v":1,"key":{"social_data.contact_info.family_name":1},"name":"social_data.contact_info.family_name_1","ns":"pulsate_development.mobile_app_users","background":true}]}