{"options":{},"indexes":[{"v":1,"key":{"_id":1},"name":"_id_","ns":"pulsate_development.mobile_app_talks"},{"v":1,"unique":true,"key":{"guid":1},"name":"guid_1","ns":"pulsate_development.mobile_app_talks"},{"v":1,"key":{"hidden":1},"name":"hidden_1","ns":"pulsate_development.mobile_app_talks","background":true},{"v":1,"key":{"category":1},"name":"category_1","ns":"pulsate_development.mobile_app_talks","background":true},{"v":1,"key":{"admin_messages_unread":1},"name":"admin_messages_unread_1","ns":"pulsate_development.mobile_app_talks","background":true},{"v":1,"key":{"admin_id":1},"name":"admin_id_1","ns":"pulsate_development.mobile_app_talks","background":true},{"v":1,"key":{"app_id":1},"name":"app_id_1","ns":"pulsate_development.mobile_app_talks","background":true},{"v":1,"key":{"subscription_id":1},"name":"subscription_id_1","ns":"pulsate_development.mobile_app_talks","background":true}]}